,Delivery ID,Address,City,State,ZIP,Box Menu,Box Size,Box Type,Call Status,CustomerServiceAssignment,DairyFree,Delivery Date,Delivery Notes,Delivery Status,DeliveryDay,DeliveryNumber,DeliveryTime,DeliveryZone,First Name,HealthPlan,MainContact,Member ID,PeanutFree,Phone,Primary Language,TextOptIn
2,37475,13439 Wilshire,Detroit ,MI,48213,B,Large Family,Standard,Reached,B,No,2021-05-03,"Side door "" Text this phone # 313-333-1650",Future,string;#Monday,6.0,AM,4;#Zone D,Dywone,Henry Ford,Myeea Ransburg,25276897,No,3135491125,English,Yes
4,38672,20242 Alcoy St,Detroit ,MI,48205,A,Large Family,Standard,Reached,B,No,2021-05-03,"Front door, call when you're outside please.",Future,string;#Monday,5.0,AM,4;#Zone D,Leilani,Henry Ford,Janaysha,43726900,No,3132217384 Cell,English,Yes
6,40150,17195 Sioux St,Detroit ,MI,48224,A,Small,Standard,Reached,B,No,2021-05-03,"Front door, knock on the door ",Future,string;#Monday,5.0,AM,4;#Zone D,Gloria,Henry Ford,Gloria,42768609,No,3139189392,English,Yes
7,40358,2525 MANISTIQUE ST,DETROIT,,48215,B,Family,Standard,Future,,No,2021-05-03,,Future,string;#Monday,5.0,AM,4;#Zone D,MURIEL,Project Well,Muriel Haygood,100169,No,3138232599,English,No
9,40516,5386 Seminole,Detroit,MI,48213,A,Small,Halal,Left Message,A,No,2021-05-03,Front door knock,Future,string;#Monday,5.0,AM,4;#Zone D,Celeste,Henry Ford,Celeste,7807074,No,3136584470,English,Yes
10,40982,219 Newport St,Detroit ,MI,48215,A,Family,Halal,Left Message,B,No,2021-05-03,"Front door, ring the bell. call 10  min before please.",Future,string;#Monday,5.0,AM,4;#Zone D,Jason,Henry Ford,jason,8551435,No,3136930965 Cell,English,Yes
12,41112,4220 Seminole,Detroit,MI,48214,A,Family,Standard,Reached,A,No,2021-05-03,ring doorbell front door,Future,string;#Monday,5.0,AM,4;#Zone D,Malita,Henry Ford,Malita or Octavia Clark,12703337,No,3134343125,English,Yes
13,41146,23795 Teppert Ave,Eastpointe,MI,48021,A,Small,Standard,Reached,B,No,2021-05-03,"Front door, knock on the door. ",Future,string;#Monday,5.0,AM,4;#Zone D,Kassandra,Henry Ford,Kassandra,14975248,No,3138286324 cell,English,Yes
14,41198,11560 Harper Ave Rm. #410,Detroit,MI,48213,A,Family,Standard,Reached,A,No,2021-05-03,Traveler's Inn: Customer will come down outside. Please call when you arrive.,Future,string;#Monday,5.0,AM,4;#Zone D,Junious,Henry Ford,Junious Powell,15044860,No,3139189737,English,Yes
15,41224,5608 Haverhill,Detroit,MI,48224,D,Small,Standard,Reached,A,No,2021-05-03,front door knock hard,Future,string;#Monday,4.0,AM,4;#Zone D,Rachelle,Henry Ford,Rachelle,15307949,No,313-461-3128,English,Yes
17,42532,5712 Lannoo St,Grosse point ,MI,48236,D,Family,Standard,Reached,B,No,2021-05-03,"Front door, ring the door bell. ",Future,string;#Monday,4.0,AM,4;#Zone D,Mattie,Henry Ford,Mattie Henley,42497419,No,3138214265 home phone ,English,Yes
18,42662,4677 Berkshire,Detroit,MI,48224,D,Large Family,Standard,Reached,A,No,2021-05-03,"front door, knock",Future,string;#Monday,4.0,AM,4;#Zone D,Cedric,Henry Ford,Kyle,15551789,No,3136628938,English,Yes
20,43476,1234 Harding,Detroit,MI,48214,D,Large Family,Standard,Left Message,A,No,2021-05-03,front door knock or ring bell,Future,string;#Monday,4.0,AM,4;#Zone D,Richard,Henry Ford,Richard and Richard Jones Sr.,14525432,No,7342990825,English,Yes
21,43554,13371 Young St,Detroit ,MI,48205,D,Small,Standard,Reached,B,No,2021-05-03,"Front door, ring the door bell. ",Future,string;#Monday,4.0,AM,4;#Zone D,Hazel,Henry Ford,Hazel,42771210,No,3132210194 cell,English,Yes
22,43658,5712 Lannoo,Grosse Pointe,MI,48236,D,Small,Standard,Reached,A,No,2021-05-03,front door knock,Future,string;#Monday,4.0,AM,4;#Zone D,Ethel,Henry Ford,Ethel Thomas,13579480,No,3139263777,English,Yes
23,43944,20501 Kingsville St,Harper Woods,MI,48225,D,Small,Standard,Reached,B,No,2021-05-03,"Front door, knock on the door. ",Future,string;#Monday,4.0,AM,4;#Zone D,Robert,Henry Ford,Robert,13930896,No,3134597413 cell ,English,Yes
29,44984,9135 Beaconsfield,Detroit,MI,48224,D,Family,Kidney Friendly,Left Message,A,No,2021-05-03,knock on front door,Future,string;#Monday,4.0,AM,4;#Zone D,Olivea,Henry Ford,Olivea,15620033,No,3133486067,English,Yes
30,45066,19778 Fairport St,Detroit,MI,48205,D,Small,Standard,Reached,B,No,2021-05-03,,Future,string;#Monday,4.0,AM,4;#Zone D,Juanita,Henry Ford,Jaunita,13000319,No,3138014032 Cell,English,Yes
31,45247,"11600 Antietam Avenue, apt #616",Detroit,MI,48224,D,Small,Standard,Reached,B,No,2021-05-03,Call when you arrive. (knock on the door). ,Future,string;#Monday,4.0,AM,4;#Zone D,Shajuan,Henry Ford,Shajuan,10540639,No,2482782744 cell,English,Yes
33,45644,7800 E JEFFERSON AVE APT 1407,DETROIT,MI,48214,A,Family,Standard,Future,,No,2021-05-03,,Future,string;#Monday,4.0,AM,4;#Zone D,LORRING,Project Well,Lorring Dinwiddie,100349,No,3135564349,English,Yes
36,46728,18954 Goulburn,Detroit,MI,48205,C,Family,Standard,Reached,A,No,2021-05-03,doorbell side door,Future,string;#Monday,3.0,AM,4;#Zone D,Antrienze (pronounced Antrease),Henry Ford,Antrienze (pronounced Antrease),15835237,No,3134243299,English,Yes
37,46988,2287 Parker St,Detroit ,MI,48214,C,Family,Standard,Left Message,B,No,2021-05-03,"Front door, knock on the door. ",Future,string;#Monday,3.0,AM,4;#Zone D,Betty,Henry Ford,Betty,41896487,No,3135440057 cell,English,Yes
38,47352,11511 Nashville,detroit,MI,48205,C,Small,Standard,Reached,A,Yes,2021-05-03,front door knock,Future,string;#Monday,3.0,AM,4;#Zone D,Eleanor,Henry Ford,Eleanor,15428407,No,4077559820,English,Yes
39,47692,4351 Berkshire St,Detroit,MI,48224,C,Large Family,Standard,Reached,B,No,2021-05-03,"front door, knock on the door. ",Future,string;#Monday,3.0,AM,4;#Zone D,Breck,Henry Ford,Breck,15855531,No,3136569838 cell ,English,Yes
40,47875,10301 Greensboro St,Detroit,MI,48224,C,Family,Standard,Left Message,B,No,2021-05-03,"Front door, ring the door bell. ",Future,string;#Monday,3.0,AM,4;#Zone D,Steve,Henry Ford,Steve,41798359,No,3137019281 cell,English,Yes
42,48845,19189 Dresden St,Detroit,MI,48205,C,Family,Standard,Left Message,B,No,2021-05-03,,Future,string;#Monday,3.0,AM,4;#Zone D,Jayce,Henry Ford,Jasmine mother,14752281,No,3137656911 ,English,Yes
43,49235,20211 Joann,Detroit,MI,48205,C,Small,Standard,Left Message,A,Yes,2021-05-03,front door knock or ring bell,Future,string;#Monday,3.0,AM,4;#Zone D,Donald,Henry Ford,Donald,15784699,No,3137785183,English,Yes
45,49482,2334 Prince Hall Drive,Detroit ,MI,48207,C,Family,Standard,Left Message,B,No,2021-05-03,,Future,string;#Monday,3.0,AM,1;#Zone A,Kennyell,Henry Ford,Kennyell Porchia,14232829,No,(313) 736-7365 cell ,English,Yes
48,50252,3429 BEDFORD ST,DETROIT,,48224,C,Family,Standard,Future,,No,2021-05-03,,Future,string;#Monday,3.0,AM,4;#Zone D,DONALDSON,Project Well,Josephine Donaldson,100292,No,3132864679,English,Yes
49,50370,5591 Nottingham,Detroit,MI,48224,B,Small,Kidney Friendly,Reached,A,Yes,2021-05-03,side door ring bell (both),Future,string;#Monday,2.0,AM,4;#Zone D,Eugene,Henry Ford,Brenda or Eugene,15870119,No,2487614352,English,Yes
50,50529,"9000 E Jefferson Ave, apt#2112",Detroit ,MI,48214,C,Small,Standard,No Answer,B,No,2021-05-03,Call when you arrive ,Future,string;#Monday,3.0,AM,4;#Zone D,Walter,Henry Ford,Walter,41828308,No,3133481373,English,Yes
57,52804,4705 Wayburn St,Detroit ,MI,48224,B,Family,Halal,Reached,B,No,2021-05-03,,Future,string;#Monday,2.0,AM,4;#Zone D,Brittany,Henry Ford,Brittany,15312148,No,3139304267,English,Yes
58,53064,14779 Lydia,Eastpointe,MI,48021,B,Small,Standard,Reached,A,No,2021-05-03,front door knock,Future,string;#Monday,2.0,AM,4;#Zone D,Marilyn,Henry Ford,Marilyn,14527165,No,3137723097,English,Yes
60,53234,24620 STEWART AVE,WARREN,,48089,B,Family,Standard,Future,,No,2021-05-03,Call her when box is being delivered,Future,string;#Monday,2.0,AM,4;#Zone D,JUDITH,Project Well,Judith Pary,100720,No,5868012863,English,Yes
61,53259,3041 SEYBURN ST,DETROIT,,48214,B,Family,Standard,Future,,No,2021-05-03,,Future,string;#Monday,2.0,AM,4;#Zone D,PATRICIA,Project Well,Patricia Debose,100744,No,3139218925,English,Yes
63,53809,12641 Greiner,Detroit,MI ,48205,B,Family,Standard,Reached,A,No,2021-05-03,front door knock,Future,string;#Monday,2.0,AM,4;#Zone D,Vernier,Henry Ford,Vernier Nimmons,15410245,No,3134124617,English,Yes
64,53857,4135 Alter Rd,Detroit,MI,48215,B,Small,Standard,Reached,A,No,2021-05-03,PLEASE KNOCK ON THE DOOR HARD,Future,string;#Monday,2.0,AM,4;#Zone D,Dianna,Henry Ford,Gregory PLEASE KNOCK ON THE DOOR HARD,15095890,No,3137532740    ,English,Yes
65,54843,11478 Rivard Ave,Warren ,MI,48089,A,Family,Standard,Future,B,Yes,2021-05-03,,Future,string;#Monday,1.0,AM,4;#Zone D,Champagne,Henry Ford,CHAMPAGNE,15084759,No,3137400726,English,Yes
67,55611,15823 Carlisle,Detroit,MI,48205,A,Family,Standard,Future,A,No,2021-05-03,side door knock,Future,string;#Monday,1.0,AM,4;#Zone D,Valencia,Henry Ford,Valencia,15299136,No,3132209663,English,Yes
69,55768,"2500 Hurlbut St, apt#23",Detroit ,MI,48214,A,Small,Standard,Future,B,No,2021-05-03,,Future,string;#Monday,1.0,AM,4;#Zone D,Timothy,Henry Ford,Denise,15696284,No,3138780895,English,Yes
70,55976,13390 Glenfield Ave,Detroit ,MI,48213,A,Small,Halal,Future,B,No,2021-05-03,,Future,string;#Monday,1.0,AM,4;#Zone D,Annie,Henry Ford,Annie Ewing,42899007,No,3134738177,English,Yes
71,56232,13390 Glenfield Ave,Detroit ,MI,48213,A,Small,Halal,Future,B,No,2021-05-03,,Future,string;#Monday,1.0,AM,4;#Zone D,Annie,Henry Ford,Annie Ewing,42899007,No,3134738177,English,Yes
72,56116,6021 Lemay St,Detroit ,MI,48213,A,Small,Standard,Future,B,No,2021-05-03,,Future,string;#Monday,1.0,AM,4;#Zone D,Susan,Henry Ford,Susan or Candice,42379760,No,3135446261 or 3138784097,English,Yes
73,51491R,"1331 East Canfield Street, apt #307",Detroit,MI,48207,B,Small,Standard,Reached,B,No,2021-05-03,call when you arrive,Future,string;#Monday,2.0,AM,1;#Zone A,,Henry Ford,Jerry,43557193,No,3136852575,English,Yes
74,56336,12105 Elmdale,Detroit,Mi,48213,A,Family,Standard,Future,A,Yes,2021-05-03,"front door knock (please call when you're close or when arrive, pt has prosthetic legs)",Future,string;#Monday,1.0,AM,4;#Zone D,Gerald,Henry Ford,Gerald,42671165,No,48213,English,Yes
75,56792,"2294 Chene, apt#10 (Noel village apt)  ",Detroit ,MI,48207,A,Small,Standard,Future,B,No,2021-05-03,Call when arrive ,Future,string;#Monday,1.0,AM,1;#Zone A,Margaret,Henry Ford,Margaret Sledge,14324504,No,3135730462,English,Yes
76,56922,2501 Cadillac Blvd,Detroit ,MI,48214,A,Small,Standard,Future,B,No,2021-05-03,Ring the doorbell few times please ,Future,string;#Monday,1.0,AM,4;#Zone D,Gwendolyn,Henry Ford,Gwendolyn,15685851,No,3139151468,English,Yes
77,57262,13660 Park Grove St,Detroit ,MI,48205,A,Family,Standard,Future,B,Yes,2021-05-03,,Future,string;#Monday,1.0,AM,4;#Zone D,Pearlie,Henry Ford,Pearlie,42604535,No,3138259767,English,Yes
78,57602,13660 Park Grove St,Detroit ,MI,48205,A,Family,Standard,Future,B,Yes,2021-05-03,,Future,string;#Monday,1.0,AM,,Pearlie,Henry Ford,Pearlie,42604535,No,3138259767,English,Yes
81,57444,22801 E 9 MILE RD APT 5,SAINT CLAIR SHORES,,48080,A,Family,Standard,Future,,No,2021-05-03,,Future,string;#Monday,1.0,AM,4;#Zone D,SHARON,Project Well,Sharon Johnson,100322,No,5869453596,English,Yes
82,57764,4860 Balfour,Detroit,MI,48224,A,Small,Standard,Future,A,No,2021-05-03,side door knock,Future,string;#Monday,1.0,AM,4;#Zone D,Jeffery,Henry Ford,Jeffery,15832568,No,48224,English,Yes
